{
  "name": "node",
  "version": "1.0.0",
  "description": "",
  "main": "index.js",
  "scripts": {
    "start": "node index.js",
    "dev": "nodemon index.js",
    "test": "echo \"Error: no test specified\" && exit 1"
  },
  "repository": {
    "type": "git",
    "url": "git+https://github.com/username/repo"
  },
  "author": "NAME <EMAIL>",
  "license": "MIT",
  "bugs": {
    "url": "https://github.com/username/repo/issues"
  },
  "homepage": "https://github.com/username/repo#readme",
  "keywords": [],
  "devDependencies": {
    "@typescript-eslint/eslint-plugin": "^4.28.5",
    "@typescript-eslint/parser": "^4.28.5",
    "eslint": "^7.32.0",
    "eslint-config-airbnb-base": "^14.2.1",
    "eslint-plugin-import": "^2.23.4",
    "nodemon": "^2.0.12"
  }
}
